-- Create Customers table
CREATE TABLE Customers (
    CustomerID INT PRIMARY KEY,
    Name VARCHAR(100),
    Contact VARCHAR(20)
);

-- Create MenuItems table
CREATE TABLE MenuItems (
    ItemID INT PRIMARY KEY,
    Name VARCHAR(100),
    Price DECIMAL(10, 2),
    Category VARCHAR(50)
);

-- Create Orders table
CREATE TABLE Orders (
    OrderID INT,
    CustomerID INT,
    ItemID INT,
    Quantity INT,
    OrderDate DATE,
    TotalPrice DECIMAL(10, 2),
    PRIMARY KEY (OrderID, ItemID),
    FOREIGN KEY (CustomerID) REFERENCES Customers(CustomerID),
    FOREIGN KEY (ItemID) REFERENCES MenuItems(ItemID)
);
-- Insert Customers
INSERT INTO Customers (CustomerID, Name, Contact) VALUES
(1, 'Alice', '1234567890'),
(2, 'Bob', '9876543210'),
(3, 'Charlie', '5554443333'),
(4, 'Priya', '9198765432'),
(5, 'Rahul', '9187654321'),
(6, 'Aisha', '9176543210'),
(7, 'James', '4478901234'),
(8, 'Sophie', '8612345678'),
(9, 'Vikram Singh', '9190123456'),
(10, 'Joe Goldberg', '3467890123'),
(11, 'Anjali', '9178901234'),
(12, 'Thomas', '12025550123'),
(13, 'Neha Gupta', '9198761234'),
(14, 'Lucas', '61412345678'),
(15, 'Kavita Reddy', '9189012345'),
(16, 'Simran', '44790123456'),
(17, 'Skyler', '9171234567'),
(18, 'Walter White', '12035550123');

-- Insert MenuItems
INSERT INTO MenuItems VALUES 
(101, 'Burger', 5.99, 'Fast Food'),
(102, 'Pizza', 8.99, 'Fast Food'),
(103, 'Salad', 4.50, 'Healthy'),
(104, 'Pasta', 7.00, 'Italian'),
(105, 'Sushi', 12.00, 'Japanese');

-- Insert Orders
INSERT INTO Orders (OrderID, CustomerID, ItemID, Quantity, OrderDate, TotalPrice) VALUES
(1001, 1, 101, 2, '2025-03-29', 11.98),
(1001, 1, 102, 1, '2025-03-29', 8.99),
(1002, 2, 103, 3, '2025-04-01', 13.50),
(1003, 3, 104, 1, '2025-04-02', 7.00),
(1004, 1, 105, 2, '2025-04-03', 24.00),
(1005, 2, 101, 1, '2025-04-04', 5.99),
(1006, 2, 101, 2, '2025-04-05', 11.98),
(1007, 3, 103, 1, '2025-04-05', 4.50),
(1008, 3, 102, 1, '2025-04-06', 8.99),
(1009, 4, 101, 2, '2025-04-06', 11.98),
(1010, 4, 103, 1, '2025-04-06', 4.50),
(1011, 5, 102, 1, '2025-04-06', 8.99),
(1012, 5, 104, 2, '2025-04-06', 14.00),
(1013, 6, 105, 1, '2025-04-06', 12.00),
(1014, 6, 101, 1, '2025-04-06', 5.99),
(1015, 7, 102, 2, '2025-04-06', 17.98),
(1016, 7, 103, 1, '2025-04-06', 4.50),
(1017, 8, 105, 2, '2025-04-06', 24.00),
(1018, 8, 104, 1, '2025-04-06', 7.00),
(1019, 9, 101, 3, '2025-04-06', 17.97),
(1020, 9, 102, 1, '2025-04-06', 8.99),
(1021, 10, 103, 2, '2025-04-06', 9.00),
(1022, 10, 105, 1, '2025-04-06', 12.00),
(1023, 11, 104, 2, '2025-04-06', 14.00),
(1024, 11, 101, 1, '2025-04-06', 5.99),
(1025, 12, 102, 1, '2025-04-06', 8.99),
(1026, 12, 103, 3, '2025-04-06', 13.50),
(1027, 13, 105, 1, '2025-04-06', 12.00),
(1028, 13, 104, 1, '2025-04-06', 7.00),
(1029, 14, 101, 2, '2025-04-06', 11.98),
(1030, 14, 102, 1, '2025-04-06', 8.99),
(1031, 15, 103, 1, '2025-04-06', 4.50),
(1032, 15, 105, 2, '2025-04-06', 24.00),
(1033, 16, 104, 1, '2025-04-06', 7.00),
(1034, 16, 101, 1, '2025-04-06', 5.99),
(1035, 17, 102, 2, '2025-04-06', 17.98),
(1036, 17, 103, 1, '2025-04-06', 4.50),
(1037, 18, 105, 1, '2025-04-06', 12.00),
(1038, 18, 104, 2, '2025-04-06', 14.00),
(1039, 4, 102, 1, '2025-04-06', 8.99),
(1040, 5, 101, 1, '2025-04-06', 5.99),
(1041, 6, 103, 2, '2025-04-06', 9.00),
(1042, 7, 105, 1, '2025-04-06', 12.00),
(1043, 8, 102, 1, '2025-04-06', 8.99),
(1044, 9, 104, 1, '2025-04-06', 7.00),
(1045, 10, 101, 2, '2025-04-06', 11.98),
(1046, 11, 103, 1, '2025-04-06', 4.50),
(1047, 12, 105, 1, '2025-04-06', 12.00),
(1048, 13, 102, 1, '2025-04-06', 8.99);
